"locus_tag","RD0003",4.29
"locus_tag","RD0004",46.46
"locus_tag","RD0005",2.7
"locus_tag","RD0006",6.06
"locus_tag","RD0007",44.94
"locus_tag","RD0008",26.46
"locus_tag","RD0009",50.86
"locus_tag","RD0010",49.74
"locus_tag","RD0011",3.3
"locus_tag","RD0012",62.51
"locus_tag","RD0013",66.99
"locus_tag","RD0014",45.08
"locus_tag","RD0015",77.64
"locus_tag","RD0016",30.55
"locus_tag","RD0017",94.95
"locus_tag","RD0018",33.83
"locus_tag","RD0019",20.94
"locus_tag","RD0020",99.13
"locus_tag","RD0021",15.37
"locus_tag","RD0022",32.11
"locus_tag","RD0023",32.48
"locus_tag","RD0024",3.23
"locus_tag","RD0025",90.13
"locus_tag","RD0026",69.27
"locus_tag","RD0027",71.47
"locus_tag","RD0028",94.5
"locus_tag","RD0029",45.73
"locus_tag","RD0030",31.52
"locus_tag","RD0031",98.8
"locus_tag","RD0032",92.19
"locus_tag","RD0033",34.21
"locus_tag","RD0034",4.86
"locus_tag","RD0035",37.13
"locus_tag","RD0036",60.67
"locus_tag","RD0037",55.72
"locus_tag","RD0038",86.87
"locus_tag","RD0039",63.98
"locus_tag","RD0040",18.23
"locus_tag","RD0041",53.86
"locus_tag","RD0042",9.05
"locus_tag","RD0043",95.87
"locus_tag","RD0044",84.41
"locus_tag","RD0045",4
"locus_tag","RD0046",29.71
"locus_tag","RD0047",5.35
"locus_tag","RD0048",3.13
"locus_tag","RD0049",45.07
"locus_tag","RD0050",37.46
"locus_tag","RD0051",61.5
"locus_tag","RD0052",49.4
"locus_tag","RD0053",64.75
"locus_tag","RD0054",93.98
"locus_tag","RD0055",52.63
"locus_tag","RD0056",54.89
"locus_tag","RD0057",63.25
"locus_tag","RD0058",24.1
"locus_tag","RD0059",49.39
"locus_tag","RD0060",8.98
"locus_tag","RD0061",55.62
"locus_tag","RD0062",48.18
"locus_tag","RD0063",1.17
"locus_tag","RD0064",89.83
"locus_tag","RD0065",53.04
"locus_tag","RD0066",38.3
"locus_tag","RD0067",50.5
"locus_tag","RD0068",8.76
"locus_tag","RD0069",25.17
"locus_tag","RD0070",14.48
"locus_tag","RD0071",26.99
"locus_tag","RD0072",79.03
"locus_tag","RD0073",23.53
"locus_tag","RD0074",22.86
"locus_tag","RD0075",63.44
"locus_tag","RD0076",27.53
"locus_tag","RD0077",52.57
"locus_tag","RD0078",68.79
"locus_tag","RD0079",30.66
"locus_tag","RD0080",97.65
"locus_tag","RD0081",6.25
"locus_tag","RD0082",92.16
"locus_tag","RD0083",47.05
"locus_tag","RD0084",71.01
"locus_tag","RD0085",86.15
"locus_tag","RD0086",99.68
"locus_tag","RD0087",25.89
"locus_tag","RD0088",49.4
"locus_tag","RD0089",23.78
"locus_tag","RD0090",75.28
"locus_tag","RD0091",58.38
"locus_tag","RD0092",79.4
"locus_tag","RD0093",23.47
"locus_tag","RD0094",59.55
"locus_tag","RD0095",69.23
"locus_tag","RD0096",76.51
"locus_tag","RD0097",97.85
"locus_tag","RD0098",19.73
"locus_tag","RD0099",85.27
"locus_tag","RD0100",23.02
"locus_tag","RD0101",34.21
"locus_tag","RD0102",12.27
"locus_tag","RD0103",2.05
"locus_tag","RD0104",57.74
"locus_tag","RD0105",35.13
"locus_tag","RD0106",65.49
"locus_tag","RD0107",85.28
"locus_tag","RD0108",87.7
"locus_tag","RD0109",34.28
"locus_tag","RD0110",15.94
"locus_tag","RD0111",85.35
"locus_tag","RD0112",40.53
"locus_tag","RD0113",8.11
"locus_tag","RD0114",32.4
"locus_tag","RD0115",11.53
"locus_tag","RD0116",94.25
"locus_tag","RD0117",32.08
"locus_tag","RD0118",37.43
"locus_tag","RD0119",43.65
"locus_tag","RD0120",55.86
"locus_tag","RD0121",12.71
"locus_tag","RD0122",2.03
"locus_tag","RD0123",35.26
"locus_tag","RD0124",36.18
"locus_tag","RD0125",61.58
"locus_tag","RD0126",4.49
"locus_tag","RD0127",12.69
"locus_tag","RD0128",59.43
"locus_tag","RD0129",24.23
"locus_tag","RD0130",97.97
"locus_tag","RD0131",82.45
"locus_tag","RD0132",58.44
"locus_tag","RD0133",10.23
"locus_tag","RD0134",84.5
"locus_tag","RD0135",16.18
"locus_tag","RD0136",45.36
"locus_tag","RD0137",49.99
"locus_tag","RD0138",1.46
"locus_tag","RD0139",33.07
"locus_tag","RD0140",84.27
"locus_tag","RD0141",17.4
"locus_tag","RD0142",18.41
"locus_tag","RD0143",24.8
"locus_tag","RD0144",25.51
"locus_tag","RD0145",50.81
"locus_tag","RD0146",36.33
"locus_tag","RD0147",19.76
"locus_tag","RD0148",82.89
"locus_tag","RD0149",73.76
"locus_tag","RD0150",63.41
"locus_tag","RD0151",38.76
"locus_tag","RD0152",86.47
"locus_tag","RD0153",65.44
"locus_tag","RD0154",74.02
"locus_tag","RD0155",22.65
"locus_tag","RD0156",27.01
"locus_tag","RD0157",78.51
"locus_tag","RD0158",35.34
"locus_tag","RD0159",86.44
"locus_tag","RD0160",2.74
"locus_tag","RD0161",33.31
"locus_tag","RD0162",68.9
"locus_tag","RD0163",61.18
"locus_tag","RD0164",43.55
"locus_tag","RD0165",53.4
"locus_tag","RD0166",77.36
"locus_tag","RD0167",88.91
"locus_tag","RD0168",3.39
"locus_tag","RD0169",78.82
"locus_tag","RD0170",21.97
"locus_tag","RD0171",87.66
"locus_tag","RD0172",96.23
"locus_tag","RD0173",40.39
"locus_tag","RD0174",12.46
"locus_tag","RD0175",21.73
"locus_tag","RD0176",91.2
"locus_tag","RD0177",48.79
"locus_tag","RD0178",41.49
"locus_tag","RD0179",74.09
"locus_tag","RD0180",22.55
"locus_tag","RD0181",4.9
"locus_tag","RD0182",12.85
"locus_tag","RD0183",9.02
"locus_tag","RD0184",70.33
"locus_tag","RD0185",86.87
"locus_tag","RD0186",31.68
"locus_tag","RD0187",97.35
"locus_tag","RD0188",65.38
"locus_tag","RD0189",67.02
"locus_tag","RD0190",83.79
"locus_tag","RD0191",68.12
"locus_tag","RD0192",0.33
"locus_tag","RD0193",52.69
"locus_tag","RD0194",29.3
"locus_tag","RD0195",43.88
"locus_tag","RD0196",6.09
"locus_tag","RD0197",6.66
"locus_tag","RD0198",32.79
"locus_tag","RD0199",9.49
"locus_tag","RD0200",85.49
"locus_tag","RD0201",54.76
"locus_tag","RD0202",97.15
"locus_tag","RD0203",81.72
"locus_tag","RD0204",95.15
"locus_tag","RD0205",9.61
"locus_tag","RD0206",3.45
"locus_tag","RD0207",86.35
"locus_tag","RD0208",58.4
"locus_tag","RD0209",44.94
"locus_tag","RD0210",60.44
"locus_tag","RD0211",80.95
"locus_tag","RD0212",49.84
"locus_tag","RD0213",73.29
"locus_tag","RD0214",89.98
"locus_tag","RD0215",20.17
"locus_tag","RD0216",60.16
"locus_tag","RD0217",21.65
"locus_tag","RD0218",17.52
"locus_tag","RD0219",25.54
"locus_tag","RD0220",88.67
"locus_tag","RD0221",1.32
"locus_tag","RD0222",93.66
"locus_tag","RD0223",89
"locus_tag","RD0224",54.01
"locus_tag","RD0225",22.96
"locus_tag","RD0226",32.88
"locus_tag","RD0227",60.1
"locus_tag","RD0228",29.62
"locus_tag","RD0229",65.66
"locus_tag","RD0230",69.59
"locus_tag","RD0231",15.11
"locus_tag","RD0232",20.42
"locus_tag","RD0233",66.73
"locus_tag","RD0234",96.83
"locus_tag","RD0235",15.57
"locus_tag","RD0236",76.34
"locus_tag","RD0237",0.28
"locus_tag","RD0238",1.92
"locus_tag","RD0239",34.74
"locus_tag","RD0240",45.22
"locus_tag","RD0241",62.37
"locus_tag","RD0242",15.7
"locus_tag","RD0243",95.06
"locus_tag","RD0244",35.66
"locus_tag","RD0245",5.67
"locus_tag","RD0246",15.23
"locus_tag","RD0247",95.81
"locus_tag","RD0248",27.32
"locus_tag","RD0249",32.75
"locus_tag","RD0250",21.35
"locus_tag","RD0251",16
"locus_tag","RD0252",34.07
"locus_tag","RD0253",15
"locus_tag","RD0254",5
"locus_tag","RD0255",88.08
"locus_tag","RD0256",37.96
"locus_tag","RD0257",37.87
"locus_tag","RD0258",48.18
"locus_tag","RD0259",67.58
"locus_tag","RD0260",3.54
"locus_tag","RD0261",17.77
"locus_tag","RD0262",82.69
"locus_tag","RD0263",23.96
"locus_tag","RD0264",84.5
"locus_tag","RD0265",79.52
"locus_tag","RD0266",39.53
"locus_tag","RD0267",60.85
"locus_tag","RD0268",79.79
"locus_tag","RD0269",41.46
"locus_tag","RD0270",95.59
"locus_tag","RD0271",25.01
"locus_tag","RD0272",3.82
"locus_tag","RD0273",11.29
"locus_tag","RD0274",20.06
"locus_tag","RD0275",39.48
"locus_tag","RD0276",16.96
"locus_tag","RD0277",35.29
"locus_tag","RD0278",35.29
"locus_tag","RD0279",44.28
"locus_tag","RD0280",68.05
"locus_tag","RD0281",56.64
"locus_tag","RD0282",60.28
"locus_tag","RD0283",2.12
"locus_tag","RD0284",71.64
"locus_tag","RD0285",65.28
"locus_tag","RD0286",90.2
"locus_tag","RD0287",9.6
"locus_tag","RD0288",3.15
"locus_tag","RD0289",38.38
"locus_tag","RD0290",77.18
"locus_tag","RD0291",6.69
"locus_tag","RD0292",56.15
"locus_tag","RD0293",59.88
"locus_tag","RD0294",30.65
"locus_tag","RD0295",40.65
"locus_tag","RD0296",39.39
"locus_tag","RD0297",70.19
"locus_tag","RD0298",1.5
"locus_tag","RD0299",19.19
"locus_tag","RD0300",11.64
"locus_tag","RD0301",97.09
"locus_tag","RD0302",44.2
"locus_tag","RD0303",15.47
"locus_tag","RD0304",8.37
"locus_tag","RD0305",64.26
"locus_tag","RD0306",54.94
"locus_tag","RD0307",25.33
"locus_tag","RD0308",99.55
"locus_tag","RD0309",90.23
"locus_tag","RD0310",69.62
"locus_tag","RD0311",67.6
"locus_tag","RD0312",46.87
"locus_tag","RD0313",29.9
"locus_tag","RD0314",69.72
"locus_tag","RD0315",18.51
"locus_tag","RD0316",95.17
"locus_tag","RD0317",59.92
"locus_tag","RD0318",28.12
"locus_tag","RD0319",98.32
"locus_tag","RD0320",98.31
"locus_tag","RD0321",5.3
"locus_tag","RD0322",5.01
"locus_tag","RD0323",54.46
"locus_tag","RD0324",65.18
"locus_tag","RD0325",35.66
"locus_tag","RD0326",95.11
"locus_tag","RD0327",4.57
"locus_tag","RD0328",5.85
"locus_tag","RD0329",96.61
"locus_tag","RD0330",23.76
"locus_tag","RD0331",17.49
"locus_tag","RD0332",93.69
"locus_tag","RD0333",67.96
"locus_tag","RD0334",32.96
"locus_tag","RD0335",2.07
"locus_tag","RD0336",32.22
"locus_tag","RD0337",87.9
"locus_tag","RD0338",27.4
"locus_tag","RD0339",31.77
"locus_tag","RD0340",78.13
"locus_tag","RD0341",97.02
"locus_tag","RD0342",99.37
"locus_tag","RD0343",25
"locus_tag","RD0344",26.92
"locus_tag","RD0345",69.1
"locus_tag","RD0346",43.52
"locus_tag","RD0347",22.09
"locus_tag","RD0348",29.02
"locus_tag","RD0349",71.64
"locus_tag","RD0350",20.41
"locus_tag","RD0351",27.32
"locus_tag","RD0352",76.94
"locus_tag","RD0353",25.43
"locus_tag","RD0354",81.78
"locus_tag","RD0355",42.11
"locus_tag","RD0356",61.09
"locus_tag","RD0357",76.89
"locus_tag","RD0358",46.69
"locus_tag","RD0359",66.94
"locus_tag","RD0360",73.49
"locus_tag","RD0361",70.45
"locus_tag","RD0362",84.43
"locus_tag","RD0363",67.19
"locus_tag","RD0364",38.4
"locus_tag","RD0365",17.38
"locus_tag","RD0366",69.26
"locus_tag","RD0367",70.62
"locus_tag","RD0368",5.28
"locus_tag","RD0369",96.66
"locus_tag","RD0370",2.39
"locus_tag","RD0371",83.41
"locus_tag","RD0372",93.68
"locus_tag","RD0373",1.77
"locus_tag","RD0374",8.42
"locus_tag","RD0375",20.6
"locus_tag","RD0376",70.86
"locus_tag","RD0377",51.94
"locus_tag","RD0378",42.69
"locus_tag","RD0379",99.88
"locus_tag","RD0380",23.57
"locus_tag","RD0381",63.1
"locus_tag","RD0382",27.21
"locus_tag","RD0383",0.51
"locus_tag","RD0384",88.53
"locus_tag","RD0385",8.99
"locus_tag","RD0386",42.62
"locus_tag","RD0387",49.62
"locus_tag","RD0388",85.88
"locus_tag","RD0389",89.31
"locus_tag","RD0390",16.55
"locus_tag","RD0391",59.37
"locus_tag","RD0392",59.76
"locus_tag","RD0393",0.98
"locus_tag","RD0394",26.56
"locus_tag","RD0395",98.16
"locus_tag","RD0396",18.36
"locus_tag","RD0397",95.81
"locus_tag","RD0398",68.79
"locus_tag","RD0399",23.64
"locus_tag","RD0400",92.47
"locus_tag","RD0401",71.18
"locus_tag","RD0402",7.06
"locus_tag","RD0403",86.16
"locus_tag","RD0404",72.95
"locus_tag","RD0405",15.47
"locus_tag","RD0406",6.76
"locus_tag","RD0407",43.81
"locus_tag","RD0408",67.41
"locus_tag","RD0409",49.45
"locus_tag","RD0410",43.69
"locus_tag","RD0411",90.98
"locus_tag","RD0412",12.55
"locus_tag","RD0413",70.9
"locus_tag","RD0414",91.49
"locus_tag","RD0415",1.08
"locus_tag","RD0416",79.89
"locus_tag","RD0417",34.12
"locus_tag","RD0418",50.7
"locus_tag","RD0419",65.76
"locus_tag","RD0420",23.43
"locus_tag","RD0421",67.25
"locus_tag","RD0422",25.13
"locus_tag","RD0423",83.19
"locus_tag","RD0424",68.23
"locus_tag","RD0425",51.69
"locus_tag","RD0426",81.35
"locus_tag","RD0427",86.59
"locus_tag","RD0428",47.51
"locus_tag","RD0429",50.14
"locus_tag","RD0430",10.23
"locus_tag","RD0431",39.98
"locus_tag","RD0432",21.32
"locus_tag","RD0433",17.28
"locus_tag","RD0434",26.14
"locus_tag","RD0435",94.26
"locus_tag","RD0436",32.76
"locus_tag","RD0437",32.89
"locus_tag","RD0438",38.07
"locus_tag","RD0439",0.17
"locus_tag","RD0440",82.34
"locus_tag","RD0441",81.76
"locus_tag","RD0442",91.16
"locus_tag","RD0443",94.89
"locus_tag","RD0444",52.66
"locus_tag","RD0445",82.65
"locus_tag","RD0446",95.96
"locus_tag","RD0447",32.55
"locus_tag","RD0448",16.77
"locus_tag","RD0449",46.66
"locus_tag","RD0450",98.32
"locus_tag","RD0451",40.2
"locus_tag","RD0452",13.91
"locus_tag","RD0453",23.45
"locus_tag","RD0454",23.39
"locus_tag","RD0455",82.14
"locus_tag","RD0456",75.14
"locus_tag","RD0457",4.74
"locus_tag","RD0458",68.73
"locus_tag","RD0459",22.65
"locus_tag","RD0460",54.88
"locus_tag","RD0461",78.96
"locus_tag","RD0462",62.63
"locus_tag","RD0463",76.2
"locus_tag","RD0464",96.24
"locus_tag","RD0465",88.76
"locus_tag","RD0466",70.46
"locus_tag","RD0467",29
"locus_tag","RD0468",21.65
"locus_tag","RD0469",8.53
"locus_tag","RD0470",29.17
"locus_tag","RD0471",3.99
"locus_tag","RD0472",90.29
"locus_tag","RD0473",20.32
"locus_tag","RD0474",98.88
"locus_tag","RD0475",42.96
"locus_tag","RD0476",2.97
"locus_tag","RD0477",94.84
"locus_tag","RD0478",75.51
"locus_tag","RD0479",19.74
"locus_tag","RD0480",41.5
"locus_tag","RD0481",73.83
"locus_tag","RD0482",59.94
"locus_tag","RD0483",55.41
"locus_tag","RD0484",97.28
"locus_tag","RD0485",83.32
"locus_tag","RD0486",37.55
"locus_tag","RD0487",72.42
"locus_tag","RD0488",88.06
"locus_tag","RD0489",6.28
"locus_tag","RD0490",95.07
"locus_tag","RD0491",42.94
"locus_tag","RD0492",85.24
"locus_tag","RD0493",57.7
"locus_tag","RD0494",19.14
"locus_tag","RD0495",81.48
"locus_tag","RD0496",46.46
"locus_tag","RD0497",89.6
"locus_tag","RD0498",10.47
"locus_tag","RD0499",68.12
"locus_tag","RD0500",98.13
"locus_tag","RD0501",39.64
"locus_tag","RD0502",72.11
"locus_tag","RD0503",88.42
"locus_tag","RD0504",59.97
"locus_tag","RD0505",70.99
"locus_tag","RD0506",31.38
"locus_tag","RD0507",62.94
"locus_tag","RD0508",65.83
"locus_tag","RD0509",6.89
"locus_tag","RD0510",82.68
"locus_tag","RD0511",7.33
"locus_tag","RD0512",80.71
"locus_tag","RD0513",42.62
"locus_tag","RD0514",62.74
"locus_tag","RD0515",77.99
"locus_tag","RD0516",25.94
"locus_tag","RD0517",0.3
"locus_tag","RD0518",50.41
"locus_tag","RD0519",14
"locus_tag","RD0520",6.58
"locus_tag","RD0521",45.48
"locus_tag","RD0522",56.94
"locus_tag","RD0523",91.81
"locus_tag","RD0524",3.18
"locus_tag","RD0525",76.08
"locus_tag","RD0526",73.29
"locus_tag","RD0527",49.64
"locus_tag","RD0528",65.68
"locus_tag","RD0529",83.76
"locus_tag","RD0530",17.76
"locus_tag","RD0531",63.81
"locus_tag","RD0532",23.41
"locus_tag","RD0533",89.87
"locus_tag","RD0534",52.23
"locus_tag","RD0535",83.37
"locus_tag","RD0536",60.85
"locus_tag","RD0537",83.61
"locus_tag","RD0538",46.31
"locus_tag","RD0539",26.68
"locus_tag","RD0540",90.49
"locus_tag","RD0541",28.99
"locus_tag","RD0542",34.01
"locus_tag","RD0543",71.2
"locus_tag","RD0544",71.6
"locus_tag","RD0545",96.75
"locus_tag","RD0546",49.19
"locus_tag","RD0547",97.54
"locus_tag","RD0548",97.05
"locus_tag","RD0549",99.6
"locus_tag","RD0550",11.54
"locus_tag","RD0551",3.63
"locus_tag","RD0552",45.08
"locus_tag","RD0553",68.49
"locus_tag","RD0554",95.44
"locus_tag","RD0555",48.26
"locus_tag","RD0556",44.57
"locus_tag","RD0557",68.73
"locus_tag","RD0558",97.9
"locus_tag","RD0559",10.25
"locus_tag","RD0560",52.5
"locus_tag","RD0561",15.66
"locus_tag","RD0562",74.06
"locus_tag","RD0563",75.9
"locus_tag","RD0564",5.52
"locus_tag","RD0565",26.3
"locus_tag","RD0566",59.28
"locus_tag","RD0567",66.38
"locus_tag","RD0568",9.9
"locus_tag","RD0569",5.59
"locus_tag","RD0570",93.06
"locus_tag","RD0571",0.4
"locus_tag","RD0572",34.58
"locus_tag","RD0573",27.07
"locus_tag","RD0574",71.6
"locus_tag","RD0575",6.18
"locus_tag","RD0576",23.82
"locus_tag","RD0577",20.79
"locus_tag","RD0578",3.72
"locus_tag","RD0579",20.87
"locus_tag","RD0580",20.39
"locus_tag","RD0581",15.26
"locus_tag","RD0582",24.5
"locus_tag","RD0583",65.47
"locus_tag","RD0584",83.75
"locus_tag","RD0585",19.95
"locus_tag","RD0586",13.73
"locus_tag","RD0587",28.33
"locus_tag","RD0588",88.68
"locus_tag","RD0589",11.63
"locus_tag","RD0590",38.58
"locus_tag","RD0591",41.18
"locus_tag","RD0592",27.29
"locus_tag","RD0593",12.65
"locus_tag","RD0594",17.08
"locus_tag","RD0595",32.81
"locus_tag","RD0596",38.94
"locus_tag","RD0597",76.36
"locus_tag","RD0598",99.19
"locus_tag","RD0599",48.84
"locus_tag","RD0600",81.94
"locus_tag","RD0601",92.25
"locus_tag","RD0602",49.24
"locus_tag","RD0603",16.52
"locus_tag","RD0604",19.31
"locus_tag","RD0605",20.84
"locus_tag","RD0606",22.7
"locus_tag","RD0607",43.13
"locus_tag","RD0608",41.63
"locus_tag","RD0609",26.42
"locus_tag","RD0610",64
"locus_tag","RD0611",62.02
"locus_tag","RD0612",41.68
"locus_tag","RD0613",88.5
"locus_tag","RD0614",27.5
"locus_tag","RD0615",25.44
"locus_tag","RD0616",8.45
"locus_tag","RD0617",41.23
"locus_tag","RD0618",53.76
"locus_tag","RD0619",97.13
"locus_tag","RD0620",52.86
"locus_tag","RD0621",92.34
"locus_tag","RD0622",38.31
"locus_tag","RD0623",80.14
"locus_tag","RD0624",4.99
"locus_tag","RD0625",55.39
"locus_tag","RD0626",12.96
"locus_tag","RD0627",43.93
"locus_tag","RD0628",31.75
"locus_tag","RD0629",12.15
"locus_tag","RD0630",92.77
"locus_tag","RD0631",13.69
"locus_tag","RD0632",4.39
"locus_tag","RD0633",42.01
"locus_tag","RD0634",30.21
"locus_tag","RD0635",23.7
"locus_tag","RD0636",62.85
"locus_tag","RD0637",52.91
"locus_tag","RD0638",66.84
"locus_tag","RD0639",4.48
"locus_tag","RD0640",79.33
"locus_tag","RD0641",30.84
"locus_tag","RD0642",66.5
"locus_tag","RD0643",21.01
"locus_tag","RD0644",19.34
"locus_tag","RD0645",94
"locus_tag","RD0646",46.45
"locus_tag","RD0647",27.79
"locus_tag","RD0648",35.22
"locus_tag","RD0649",0.22
"locus_tag","RD0650",24.92
"locus_tag","RD0651",88.08
"locus_tag","RD0652",92.56
"locus_tag","RD0653",63.23
"locus_tag","RD0654",68.22
"locus_tag","RD0655",97.55
"locus_tag","RD0656",18.62
"locus_tag","RD0657",81.18
"locus_tag","RD0658",41.48
"locus_tag","RD0659",50.37
"locus_tag","RD0660",93.32
"locus_tag","RD0661",34.25
"locus_tag","RD0662",64.06
"locus_tag","RD0663",97.72
"locus_tag","RD0664",76.26
"locus_tag","RD0665",94.27
"locus_tag","RD0666",21.42
"locus_tag","RD0667",39.11
"locus_tag","RD0668",47.18
"locus_tag","RD0669",88.26
"locus_tag","RD0670",43.59
"locus_tag","RD0671",26.51
"locus_tag","RD0672",19.1
"locus_tag","RD0673",10.09
"locus_tag","RD0674",47.53
"locus_tag","RD0675",38.44
"locus_tag","RD0676",4.09
"locus_tag","RD0677",93.98
"locus_tag","RD0678",66.23
"locus_tag","RD0679",39.31
"locus_tag","RD0680",94.19
"locus_tag","RD0681",91.15
"locus_tag","RD0682",27.39
"locus_tag","RD0683",86.76
"locus_tag","RD0684",54.38
"locus_tag","RD0685",95.61
"locus_tag","RD0686",84.3
"locus_tag","RD0687",73
"locus_tag","RD0688",76.79
"locus_tag","RD0689",25.78
"locus_tag","RD0690",23.37
"locus_tag","RD0691",70.11
"locus_tag","RD0692",60.04
"locus_tag","RD0693",87.42
"locus_tag","RD0694",67.83
"locus_tag","RD0695",36.3
"locus_tag","RD0696",81.69
"locus_tag","RD0697",89.25
"locus_tag","RD0698",75.41
"locus_tag","RD0699",28.87
"locus_tag","RD0700",77.51
"locus_tag","RD0701",19
"locus_tag","RD0702",55.38
"locus_tag","RD0703",96.6
"locus_tag","RD0704",29.09
"locus_tag","RD0705",2.91
"locus_tag","RD0706",35.04
"locus_tag","RD0707",33.18
"locus_tag","RD0708",96.89
"locus_tag","RD0709",1.27
"locus_tag","RD0710",72.48
"locus_tag","RD0711",91.08
"locus_tag","RD0712",92.43
"locus_tag","RD0713",99.87
"locus_tag","RD0714",77.84
"locus_tag","RD0715",46.81
"locus_tag","RD0716",95.48
"locus_tag","RD0717",62.14
"locus_tag","RD0718",19.81
"locus_tag","RD0719",72.27
"locus_tag","RD0720",87.92
"locus_tag","RD0721",43.18
"locus_tag","RD0722",42.39
"locus_tag","RD0723",47.96
"locus_tag","RD0724",30.6
"locus_tag","RD0725",10.22
"locus_tag","RD0726",84.26
"locus_tag","RD0727",12.3
"locus_tag","RD0728",99.47
"locus_tag","RD0729",59.67
"locus_tag","RD0730",41.17
"locus_tag","RD0731",76.97
"locus_tag","RD0732",78.67
"locus_tag","RD0733",96.55
"locus_tag","RD0734",73.57
"locus_tag","RD0735",7.76
"locus_tag","RD0736",99.46
"locus_tag","RD0737",8.62
"locus_tag","RD0738",40.93
"locus_tag","RD0739",96.35
"locus_tag","RD0740",9.89
"locus_tag","RD0741",13.42
"locus_tag","RD0742",87.43
"locus_tag","RD0743",2.32
"locus_tag","RD0744",13.29
"locus_tag","RD0745",65.26
"locus_tag","RD0746",49.13
"locus_tag","RD0747",8.77
"locus_tag","RD0748",27.4
"locus_tag","RD0749",68.95
"locus_tag","RD0750",81.04
"locus_tag","RD0751",15.33
"locus_tag","RD0752",12.13
"locus_tag","RD0753",23.43
"locus_tag","RD0754",63.29
"locus_tag","RD0755",42.73
"locus_tag","RD0756",33.64
"locus_tag","RD0757",47.55
"locus_tag","RD0758",55.03
"locus_tag","RD0759",33.11
"locus_tag","RD0760",7.21
"locus_tag","RD0761",96.2
"locus_tag","RD0762",10.08
"locus_tag","RD0763",85.88
"locus_tag","RD0764",92.76
"locus_tag","RD0765",83.65
"locus_tag","RD0766",93.64
"locus_tag","RD0767",92.22
"locus_tag","RD0768",92.27
"locus_tag","RD0769",34.57
"locus_tag","RD0770",88.56
"locus_tag","RD0771",2.16
"locus_tag","RD0772",47.98
"locus_tag","RD0773",75.99
"locus_tag","RD0774",4.48
"locus_tag","RD0775",61.27
"locus_tag","RD0776",41.26
"locus_tag","RD0777",53.61
"locus_tag","RD0778",70.04
"locus_tag","RD0779",68.66
"locus_tag","RD0780",22.56
"locus_tag","RD0781",51.08
"locus_tag","RD0782",83.99
"locus_tag","RD0783",34.69
"locus_tag","RD0784",74.51
"locus_tag","RD0785",47.27
"locus_tag","RD0786",77.42
"locus_tag","RD0787",8.15
"locus_tag","RD0788",94.82
"locus_tag","RD0789",32.45
"locus_tag","RD0790",41.26
"locus_tag","RD0791",2.03
"locus_tag","RD0792",28.65
"locus_tag","RD0793",51.34
"locus_tag","RD0794",87.91
"locus_tag","RD0795",21.41
"locus_tag","RD0796",34.99
"locus_tag","RD0797",81.55
"locus_tag","RD0798",13.62
"locus_tag","RD0799",27.26
"locus_tag","RD0800",16.12
"locus_tag","RD0801",2.19
"locus_tag","RD0802",29.42
"locus_tag","RD0803",64.1
"locus_tag","RD0804",78.18
"locus_tag","RD0805",33.91
"locus_tag","RD0806",25.37
"locus_tag","RD0807",19.44
"locus_tag","RD0808",87.52
"locus_tag","RD0809",95.41
"locus_tag","RD0810",88.1
"locus_tag","RD0811",10.08
"locus_tag","RD0812",46.49
"locus_tag","RD0813",72.08
"locus_tag","RD0814",44.77
"locus_tag","RD0815",21
"locus_tag","RD0816",19.36
"locus_tag","RD0817",22.19
"locus_tag","RD0818",29.15
"locus_tag","RD0819",14.18
"locus_tag","RD0820",54.64
"locus_tag","RD0821",70.4
"locus_tag","RD0822",16.21
"locus_tag","RD0823",83.29
"locus_tag","RD0824",21.74
"locus_tag","RD0825",4.13
"locus_tag","RD0826",4.7
"locus_tag","RD0827",56.73
"locus_tag","RD0828",85.68
"locus_tag","RD0829",18.32
"locus_tag","RD0830",83.99
"locus_tag","RD0831",1.8
"locus_tag","RD0832",20.51
"locus_tag","RD0833",13.42
"locus_tag","RD0834",65.9
"locus_tag","RD0835",98.7
"locus_tag","RD0836",47.33
"locus_tag","RD0837",91.27
"locus_tag","RD0838",18.13
"locus_tag","RD0839",34.85
"locus_tag","RD0840",86.68
"locus_tag","RD0841",6.23
"locus_tag","RD0842",44.93
"locus_tag","RD0843",33.18
"locus_tag","RD0844",78.32
"locus_tag","RD0845",89.7
"locus_tag","RD0846",54.18
"locus_tag","RD0847",97.67
"locus_tag","RD0848",11.89
"locus_tag","RD0849",83.32
"locus_tag","RD0850",11.85
"locus_tag","RD0851",66.53
"locus_tag","RD0852",53.73
"locus_tag","RD0853",28.07
"locus_tag","RD0854",49.82
"locus_tag","RD0855",75.47
"locus_tag","RD0856",32.19
"locus_tag","RD0857",54.52
"locus_tag","RD0858",32.2
"locus_tag","RD0859",17.87
"locus_tag","RD0860",72.84
"locus_tag","RD0861",16.2
"locus_tag","RD0862",19.67
"locus_tag","RD0863",93.36
"locus_tag","RD0864",29.61
"locus_tag","RD0865",85.57
"locus_tag","RD0866",92.05
"locus_tag","RD0867",76.94
"locus_tag","RD0868",76.85
"locus_tag","RD0869",10.19
"locus_tag","RD0870",11.79
"locus_tag","RD0871",63.53
"locus_tag","RD0872",16.42
"locus_tag","RD0873",56.71
"locus_tag","RD0874",96.71
"locus_tag","RD0875",94.74
"locus_tag","RD0876",46.41
"locus_tag","RD0877",50.88
"locus_tag","RD0878",92.41
"locus_tag","RD0879",58.3
"locus_tag","RD0880",34.21
"locus_tag","RD0881",4.26
"locus_tag","RD0882",24.82
"locus_tag","RD0883",87.94
"locus_tag","RD0884",32.33
"locus_tag","RD0885",74.64
"locus_tag","RD0886",63.41
"locus_tag","RD0887",64.53
"locus_tag","RD0888",29.16
"locus_tag","RD0889",95.61
"locus_tag","RD0890",82.4
"locus_tag","RD0891",2.01
"locus_tag","RD0892",11.8
"locus_tag","RD0893",2.07
"locus_tag","RD0894",95.36
"locus_tag","RD0895",41.42
"locus_tag","RD0896",87.64
"locus_tag","RD0897",87.42
"locus_tag","RD0898",18.36
"locus_tag","RD0899",64.49
"locus_tag","RD0900",97.61
"locus_tag","RD0901",30.14
"locus_tag","RD0902",28.02
"locus_tag","RD0903",14.03
"locus_tag","RD0904",86.86
"locus_tag","RD0905",24.73
"locus_tag","RD0906",8.76
"locus_tag","RD0907",33.27
"locus_tag","RD0908",75.61
"locus_tag","RD0909",1.17
"locus_tag","RD0910",91.56
"locus_tag","RD0911",9.82
"locus_tag","RD0912",5.43
"locus_tag","RD0913",16.39
"locus_tag","RD0914",97.75
"locus_tag","RD0915",37.76
"locus_tag","RD0916",91.03
"locus_tag","RD0917",61.16
"locus_tag","RD0918",2.29
"locus_tag","RD0919",20.19
"locus_tag","RD0920",56.77
"locus_tag","RD0921",84.69
"locus_tag","RD0922",22.2
"locus_tag","RD0923",68.57
"locus_tag","RD0924",86.76
"locus_tag","RD0925",17.57
"locus_tag","RD0926",9.98
"locus_tag","RD0927",74.41
"locus_tag","RD0928",4.98
"locus_tag","RD0929",28.34
"locus_tag","RD0930",38.9
"locus_tag","RD0931",2.59
"locus_tag","RD0932",58.49
"locus_tag","RD0933",66.92
"locus_tag","RD0934",16.62
"locus_tag","RD0935",45.34
"locus_tag","RD0936",91.64
"locus_tag","RD0937",25.38
"locus_tag","RD0938",78.61
"locus_tag","RD0939",67.25
"locus_tag","RD0940",26.55
"locus_tag","RD0941",70.17
"locus_tag","RD0942",77.07
"locus_tag","RD0943",31.98
"locus_tag","RD0944",86.56
"locus_tag","RD0945",74.82
"locus_tag","RD0946",69.75
"locus_tag","RD0947",77.59
"locus_tag","RD0948",35.98
"locus_tag","RD0949",72.04
"locus_tag","RD0950",97.79
"locus_tag","RD0951",92.75
"locus_tag","RD0952",56.73
"locus_tag","RD0953",19.99
"locus_tag","RD0954",61.32
"locus_tag","RD0955",43.49
"locus_tag","RD0956",37.55
"locus_tag","RD0957",71.3
"locus_tag","RD0958",17.89
"locus_tag","RD0959",42.54
"locus_tag","RD0960",99.64
"locus_tag","RD0961",56.79
"locus_tag","RD0962",45.13
"locus_tag","RD0963",58.13
"locus_tag","RD0964",23.71
"locus_tag","RD0965",61.74
"locus_tag","RD0966",3.47
"locus_tag","RD0967",15.35
"locus_tag","RD0968",87.12
"locus_tag","RD0969",82.08
"locus_tag","RD0970",82.6
"locus_tag","RD0971",13.67
"locus_tag","RD0972",52.25
"locus_tag","RD0973",59.68
"locus_tag","RD0974",45.65
"locus_tag","RD0975",38.81
"locus_tag","RD0976",34.5
"locus_tag","RD0977",15.4
"locus_tag","RD0978",16.4
"locus_tag","RD0979",70.48
"locus_tag","RD0980",87.43
"locus_tag","RD0981",14.19
"locus_tag","RD0982",63.23
"locus_tag","RD0983",44.16
"locus_tag","RD0984",34.18
"locus_tag","RD0985",24.55
"locus_tag","RD0986",87.65
"locus_tag","RD0987",71.73
"locus_tag","RD0988",95.85
"locus_tag","RD0989",5.54
"locus_tag","RD0990",14.27
"locus_tag","RD0991",95.49
"locus_tag","RD0992",62.33
"locus_tag","RD0993",59.39
"locus_tag","RD0994",53.62
"locus_tag","RD0995",86.04
"locus_tag","RD0996",21.14
"locus_tag","RD0997",57.09
"locus_tag","RD0998",1.39
"locus_tag","RD0999",8.26
"locus_tag","RD1000",39.17
"locus_tag","RD1001",83.99
"locus_tag","RD1002",21.93
"locus_tag","RD1003",91.42
"locus_tag","RD1004",43.67
"locus_tag","RD1005",67.58
"locus_tag","RD1006",30.24
"locus_tag","RD1007",78.17
"locus_tag","RD1008",82.98
"locus_tag","RD1009",46.64
"locus_tag","RD1010",48.65
"locus_tag","RD1011",70.41
"locus_tag","RD1012",60.83
"locus_tag","RD1013",11.89
"locus_tag","RD1014",14.57
"locus_tag","RD1015",95
"locus_tag","RD1016",36.44
"locus_tag","RD1017",2.22
"locus_tag","RD1018",66.73
"locus_tag","RD1019",32.29
"locus_tag","RD1020",7.76
"locus_tag","RD1021",81
"locus_tag","RD1022",27.78
"locus_tag","RD1023",70.09
"locus_tag","RD1024",40.39
"locus_tag","RD1025",81.4
"locus_tag","RD1026",56.13
"locus_tag","RD1027",61.53
"locus_tag","RD1028",38.49
"locus_tag","RD1029",57.51
"locus_tag","RD1030",69.79
"locus_tag","RD1031",77.66
"locus_tag","RD1032",41.5
"locus_tag","RD1033",91.72
"locus_tag","RD1034",69.08
"locus_tag","RD1035",85.17
"locus_tag","RD1036",59.3
"locus_tag","RD1037",99.32
"locus_tag","RD1038",63.34
"locus_tag","RD1039",42.28
"locus_tag","RD1040",45.96
"locus_tag","RD1041",11.99
"locus_tag","RD1042",12.69
"locus_tag","RD1043",6.79
"locus_tag","RD1044",23.88
"locus_tag","RD1045",27.26
"locus_tag","RD1046",1.79
"locus_tag","RD1047",60.32
"locus_tag","RD1048",29.48
"locus_tag","RD1049",68.53
"locus_tag","RD1050",92.6
"locus_tag","RD1051",37.24
"locus_tag","RD1052",49.53
"locus_tag","RD1053",20.38
"locus_tag","RD1054",7.33
"locus_tag","RD1055",89.92
"locus_tag","RD1056",1.78
"locus_tag","RD1057",63.46
"locus_tag","RD1058",51.45
"locus_tag","RD1059",40.27
"locus_tag","RD1060",20.97
"locus_tag","RD1061",21.24
"locus_tag","RD1062",17.93
"locus_tag","RD1063",62.47
"locus_tag","RD1064",12.96
"locus_tag","RD1065",87.01
"locus_tag","RD1066",47.64
"locus_tag","RD1067",72.26
"locus_tag","RD1068",86.34
"locus_tag","RD1069",10.98
"locus_tag","RD1070",14.54
"locus_tag","RD1071",32.3
"locus_tag","RD1072",22.97
"locus_tag","RD1073",27.23
"locus_tag","RD1074",39.08
"locus_tag","RD1075",46.85
"locus_tag","RD1076",54.49
"locus_tag","RD1077",40.88
"locus_tag","RD1078",7.17
"locus_tag","RD1079",83.97
"locus_tag","RD1080",9.4
"locus_tag","RD1081",99.77
"locus_tag","RD1082",21.21
"locus_tag","RD1083",58.93
"locus_tag","RD1084",20.15
"locus_tag","RD1085",28.54
"locus_tag","RD1086",48.85
"locus_tag","RD1087",21.93
"locus_tag","RD1088",92
"locus_tag","RD1089",0.3
"locus_tag","RD1090",62.19
"locus_tag","RD1091",12.97
"locus_tag","RD1092",21.55
"locus_tag","RD1093",80.12
"locus_tag","RD1094",75.44
"locus_tag","RD1095",34.51
"locus_tag","RD1096",67.14
"locus_tag","RD1097",23.08
"locus_tag","RD1098",6.77
"locus_tag","RD1099",53.47
"locus_tag","RD1100",34.06
"locus_tag","RD1101",21.32
"locus_tag","RD1102",85.77
"locus_tag","RD1103",57.03
"locus_tag","RD1104",48.55
"locus_tag","RD1105",24.85
"locus_tag","RD1106",3.88
"locus_tag","RD1107",3.04
"locus_tag","RD1108",65.73
"locus_tag","RD1109",11.05
"locus_tag","RD1110",87.01
"locus_tag","RD1111",75.13
"locus_tag","RD1112",10.82
"locus_tag","RD1113",8.22
"locus_tag","RD1114",34.06
"locus_tag","RD1115",30.97
"locus_tag","RD1116",36.77
"locus_tag","RD1117",82.91
"locus_tag","RD1118",52.9
"locus_tag","RD1119",28.77
"locus_tag","RD1120",83.21
"locus_tag","RD1121",15.09
"locus_tag","RD1122",41.73
"locus_tag","RD1123",4.76
"locus_tag","RD1124",95.21
"locus_tag","RD1125",17.17
"locus_tag","RD1126",39.27
"locus_tag","RD1127",62.35
"locus_tag","RD1128",40.25
"locus_tag","RD1129",46.04
"locus_tag","RD1130",15.83
"locus_tag","RD1131",74.31
"locus_tag","RD1132",67.36
"locus_tag","RD1133",1.59
"locus_tag","RD1134",31.34
"locus_tag","RD1135",15.91
"locus_tag","RD1136",26.45
"locus_tag","RD1137",35.23
"locus_tag","RD1138",18.94
"locus_tag","RD1139",92.17
"locus_tag","RD1140",46.28
"locus_tag","RD1141",5.95
"locus_tag","RD1142",67.31
"locus_tag","RD1143",57.1
"locus_tag","RD1144",14.18
"locus_tag","RD1145",1.37
"locus_tag","RD1146",88.07
"locus_tag","RD1147",50.94
"locus_tag","RD1148",84.28
"locus_tag","RD1149",40.97
"locus_tag","RD1150",79.71
"locus_tag","RD1151",67.49
"locus_tag","RD1152",56.06
"locus_tag","RD1153",21.44
"locus_tag","RD1154",72.25
"locus_tag","RD1155",51.27
"locus_tag","RD1156",38.62
"locus_tag","RD1157",11.51
"locus_tag","RD1158",13.62
"locus_tag","RD1159",78.87
"locus_tag","RD1160",57.56
"locus_tag","RD1161",29.45
"locus_tag","RD1162",53.18
"locus_tag","RD1163",24.92
"locus_tag","RD1164",31.04
"locus_tag","RD1165",84.52
"locus_tag","RD1166",40.82
"locus_tag","RD1167",57.49
"locus_tag","RD1168",19.75
"locus_tag","RD1169",59.77
"locus_tag","RD1170",49.66
"locus_tag","RD1171",66.03
"locus_tag","RD1172",65.72
"locus_tag","RD1173",16.97
"locus_tag","RD1174",23.14
"locus_tag","RD1175",79.89
"locus_tag","RD1176",18.34
"locus_tag","RD1177",11.21
"locus_tag","RD1178",30.84
"locus_tag","RD1179",2.61
"locus_tag","RD1180",52.18
"locus_tag","RD1181",10.54
"locus_tag","RD1182",70.1
"locus_tag","RD1183",8.23
"locus_tag","RD1184",31.99
"locus_tag","RD1185",42.35
"locus_tag","RD1186",59.51
"locus_tag","RD1187",70.6
"locus_tag","RD1188",53.86
"locus_tag","RD1189",73.13
"locus_tag","RD1190",49.47
"locus_tag","RD1191",11.42
"locus_tag","RD1192",2.58
"locus_tag","RD1193",2.65
"locus_tag","RD1194",36.34
"locus_tag","RD1195",33.62
"locus_tag","RD1196",87.18
"locus_tag","RD1197",77.16
"locus_tag","RD1198",91.11
"locus_tag","RD1199",6.93
"locus_tag","RD1200",36.93
"locus_tag","RD1201",40.77
"locus_tag","RD1202",72.96
"locus_tag","RD1203",2.64
"locus_tag","RD1204",57.74
"locus_tag","RD1205",96.1
"locus_tag","RD1206",82.54
"locus_tag","RD1207",76.08
"locus_tag","RD1208",7.31
"locus_tag","RD1209",13.37
"locus_tag","RD1210",78.69
"locus_tag","RD1211",59.48
"locus_tag","RD1212",23.92
"locus_tag","RD1213",48.79
"locus_tag","RD1214",67.72
"locus_tag","RD1215",55.91
"locus_tag","RD1216",91.14
"locus_tag","RD1217",27.22
"locus_tag","RD1218",26.51
"locus_tag","RD1219",45
"locus_tag","RD1220",0.35
"locus_tag","RD1221",75.98
"locus_tag","RD1222",56.42
"locus_tag","RD1223",2.93
"locus_tag","RD1224",78.63
"locus_tag","RD1225",92.76
"locus_tag","RD1226",36.55
"locus_tag","RD1227",65.81
"locus_tag","RD1228",69.92
"locus_tag","RD1229",27.65
"locus_tag","RD1230",72.74
"locus_tag","RD1231",6.85
"locus_tag","RD1232",68.42
"locus_tag","RD1233",45.7
"locus_tag","RD1234",9.49
"locus_tag","RD1235",26.16
"locus_tag","RD1236",41.8
"locus_tag","RD1237",92.03
"locus_tag","RD1238",2.24
"locus_tag","RD1239",49.1
"locus_tag","RD1240",5.4
"locus_tag","RD1241",80.93
"locus_tag","RD1242",8.58
"locus_tag","RD1243",29.32
"locus_tag","RD1244",29.72
"locus_tag","RD1245",76.3
"locus_tag","RD1246",85.23
"locus_tag","RD1247",20.86
"locus_tag","RD1248",3.52
"locus_tag","RD1249",11.74
"locus_tag","RD1250",65.86
"locus_tag","RD1251",3.87
"locus_tag","RD1252",87.72
"locus_tag","RD1253",22.29
"locus_tag","RD1254",6.8
"locus_tag","RD1255",66.35
"locus_tag","RD1256",15.05
"locus_tag","RD1257",43.35
"locus_tag","RD1258",32.16
"locus_tag","RD1259",84.97
"locus_tag","RD1260",71
"locus_tag","RD1261",4.9
"locus_tag","RD1262",91.81
"locus_tag","RD1263",39.43
"locus_tag","RD1264",50.6
"locus_tag","RD1265",1.3
"locus_tag","RD1266",65.59
"locus_tag","RD1267",92.4
"locus_tag","RD1268",93.33
"locus_tag","RD1269",67.83
"locus_tag","RD1270",41.5
"locus_tag","RD1271",98.73
"locus_tag","RD1272",48.76
"locus_tag","RD1273",50.08
"locus_tag","RD1274",28.05
"locus_tag","RD1275",78.48
"locus_tag","RD1276",26.38
"locus_tag","RD1277",13.28
"locus_tag","RD1278",99.33
"locus_tag","RD1279",29.9
"locus_tag","RD1280",25.02
"locus_tag","RD1281",65.2
"locus_tag","RD1282",33.78
"locus_tag","RD1283",12.73
"locus_tag","RD1284",87.48
"locus_tag","RD1285",40.58
"locus_tag","RD1286",79.09
"locus_tag","RD1287",2.53
"locus_tag","RD1288",83.93
"locus_tag","RD1289",11.25
"locus_tag","RD1290",87.5
"locus_tag","RD1291",54.93
"locus_tag","RD1292",16.15
"locus_tag","RD1293",79.31
"locus_tag","RD1294",94.36
"locus_tag","RD1295",66.76
"locus_tag","RD1296",80.61
"locus_tag","RD1297",59.95
"locus_tag","RD1298",59.15
"locus_tag","RD1299",73.94
"locus_tag","RD1300",27.78
"locus_tag","RD1301",0.65
"locus_tag","RD1302",72.67
"locus_tag","RD1303",76.53
"locus_tag","RD1304",50.73
"locus_tag","RD1305",0.72
"locus_tag","RD1306",55.01
"locus_tag","RD1307",77.12
"locus_tag","RD1308",14
"locus_tag","RD1309",54.34
"locus_tag","RD1310",7.02
"locus_tag","RD1311",39.02
"locus_tag","RD1312",19.54
"locus_tag","RD1313",40.79
"locus_tag","RD1314",51.75
"locus_tag","RD1315",7.02
"locus_tag","RD1316",81.37
"locus_tag","RD1317",30.84
"locus_tag","RD1318",9.55
"locus_tag","RD1319",65.3
"locus_tag","RD1320",42.09
"locus_tag","RD1321",97.05
"locus_tag","RD1322",20.23
"locus_tag","RD1323",58.25
"locus_tag","RD1324",76.35
"locus_tag","RD1325",14.58
"locus_tag","RD1326",25
"locus_tag","RD1327",56.97
"locus_tag","RD1328",74.53
"locus_tag","RD1329",84.15
"locus_tag","RD1330",30.91
"locus_tag","RD1331",2.3
"locus_tag","RD1332",84.81
"locus_tag","RD1333",3.58
"locus_tag","RD1334",78.84
"locus_tag","RD1335",35.54
"locus_tag","RD1336",4.3
"locus_tag","RD1337",33.84
"locus_tag","RD1338",12.66
"locus_tag","RD1339",18.31
"locus_tag","RD1340",88.19
"locus_tag","RD1341",19.68
"locus_tag","RD1342",57.33
"locus_tag","RD1343",7.73
"locus_tag","RD1344",60.47
"locus_tag","RD1345",9.08
"locus_tag","RD1346",14.75
"locus_tag","RD1347",41.84
"locus_tag","RD1348",39.92
"locus_tag","RD1349",24.3
"locus_tag","RD1350",7.14
"locus_tag","RD1351",82.01
"locus_tag","RD1352",21.35
"locus_tag","RD1353",27.37
"locus_tag","RD1354",40.26
"locus_tag","RD1355",97.7
"locus_tag","RD1356",41.95
"locus_tag","RD1357",65.26
"locus_tag","RD1358",54.67
"locus_tag","RD1359",16.48
"locus_tag","RD1360",49.41
"locus_tag","RD1361",85.57
"locus_tag","RD1362",18.78
"locus_tag","RD1363",34.22
"locus_tag","RD1364",89.15
"locus_tag","RD1365",97.62
"locus_tag","RD1366",69.76
"locus_tag","RD1367",93.45
"locus_tag","RD1368",31.46
"locus_tag","RD1369",82.42
"locus_tag","RD1370",11.76
"locus_tag","RD1371",19.65
"locus_tag","RD1372",2.09
"locus_tag","RD1373",69.09
"locus_tag","RD1374",27.37
"locus_tag","RD1375",62.56
"locus_tag","RD1376",78.17
"locus_tag","RD1377",42.12
"locus_tag","RD1378",4.41
"locus_tag","RD1379",18.09
"locus_tag","RD1380",66.42
"locus_tag","RD1381",11.54
"locus_tag","RD1382",0.1
"locus_tag","RD1383",87.77
"locus_tag","RD1384",38.91
"locus_tag","RD1385",40.36
"locus_tag","RD1386",85.47
"locus_tag","RD1387",80.86
"locus_tag","RD1388",5.61
"locus_tag","RD1389",40.13
"locus_tag","RD1390",97.33
"locus_tag","RD1391",55.03
"locus_tag","RD1392",25.71
"locus_tag","RD1393",16.12
"locus_tag","RD1394",89.25
"locus_tag","RD1395",14.86
"locus_tag","RD1396",13.73
"locus_tag","RD1397",59.01
"locus_tag","RD1398",8.31
"locus_tag","RD1399",45.19
"locus_tag","RD1400",41.43
"locus_tag","RD1401",20.07
"locus_tag","RD1402",64.84
"locus_tag","RD1403",43.52
"locus_tag","RD1404",89.16
"locus_tag","RD1405",92.22
"locus_tag","RD1406",6.09
"locus_tag","RD1407",67.33
"locus_tag","RD1408",34.34
"locus_tag","RD1409",10.49
"locus_tag","RD1410",85.41
"locus_tag","RD1411",0.76
"locus_tag","RD1412",22.04
"locus_tag","RD1413",85.51
"locus_tag","RD1414",88.53
"locus_tag","RD1415",60.94
"locus_tag","RD1416",25.87
"locus_tag","RD1417",73.99
"locus_tag","RD1418",41.8
"locus_tag","RD1419",31.48
"locus_tag","RD1420",14.13
"locus_tag","RD1421",39.14
"locus_tag","RD1422",86.51
"locus_tag","RD1423",39.83
"locus_tag","RD1424",55.25
"locus_tag","RD1425",75.75
"locus_tag","RD1426",54.69
"locus_tag","RD1427",68.98
"locus_tag","RD1428",34.76
"locus_tag","RD1429",63
"locus_tag","RD1430",14.18
"locus_tag","RD1431",76.19
"locus_tag","RD1432",83.07
"locus_tag","RD1433",79.02
"locus_tag","RD1434",19.71
"locus_tag","RD1435",72.23
"locus_tag","RD1436",71.23
"locus_tag","RD1437",25.8
"locus_tag","RD1438",39.56
"locus_tag","RD1439",5.57
"locus_tag","RD1440",36.29
"locus_tag","RD1441",24.97
"locus_tag","RD1442",6.33
"locus_tag","RD1443",58.33
"locus_tag","RD1444",10.48
"locus_tag","RD1445",94.86
"locus_tag","RD1446",19.27
"locus_tag","RD1447",36.35
"locus_tag","RD1448",68.85
"locus_tag","RD1449",61.08
"locus_tag","RD1450",67.83
"locus_tag","RD1451",82.98
"locus_tag","RD1452",0.21
"locus_tag","RD1453",54.34
"locus_tag","RD1454",22.81
"locus_tag","RD1455",55.46
"locus_tag","RD1456",30.09
"locus_tag","RD1457",77.5
"locus_tag","RD1458",24.44
"locus_tag","RD1459",64.85
"locus_tag","RD1460",40.51
"locus_tag","RD1461",38.62
"locus_tag","RD1462",41.04
"locus_tag","RD1463",23.58
"locus_tag","RD1464",17.64
"locus_tag","RD1465",60.75
"locus_tag","RD1466",95.81
"locus_tag","RD1467",88.87
"locus_tag","RD1468",86.55
"locus_tag","RD1469",35.37
"locus_tag","RD1470",94.44
"locus_tag","RD1471",22.85
"locus_tag","RD1472",60.34
"locus_tag","RD1473",0.77
"locus_tag","RD1474",81.17
"locus_tag","RD1475",70.82
"locus_tag","RD1476",95.63
"locus_tag","RD1477",0.45
"locus_tag","RD1478",7.17
"locus_tag","RD1479",64.48
"locus_tag","RD1480",61.52
"locus_tag","RD1481",75
"locus_tag","RD1482",47.45
"locus_tag","RD1483",61.73
"locus_tag","RD1484",29.33
"locus_tag","RD1485",70.27
"locus_tag","RD1486",17.19
"locus_tag","RD1487",59.42
"locus_tag","RD1488",47.77
"locus_tag","RD1489",41.64
"locus_tag","RD1490",24.27
"locus_tag","RD1491",88.28
"locus_tag","RD1492",80.26
"locus_tag","RD1493",65.31
"locus_tag","RD1494",11.86
"locus_tag","RD1495",97.9
"locus_tag","RD1496",26.07
"locus_tag","RD1497",7.67
"locus_tag","RD1498",86.77
"locus_tag","RD1499",12.62
"locus_tag","RD1500",43.03
"locus_tag","RD1501",81.22
"locus_tag","RD1502",35.47
"locus_tag","RD1503",3.37
"locus_tag","RD1504",81.99
"locus_tag","RD1505",16.64
"locus_tag","RD1506",74.2
"locus_tag","RD1507",77.62
"locus_tag","RD1508",17.09
"locus_tag","RD1509",81.37
"locus_tag","RD1510",42.1
"locus_tag","RD1511",78.61
"locus_tag","RD1512",56.37
"locus_tag","RD1513",89.55
"locus_tag","RD1514",40.34
"locus_tag","RD1515",85.7
"locus_tag","RD1516",59.82
"locus_tag","RD1517",57.54
"locus_tag","RD1518",45.12
"locus_tag","RD1519",7.59
"locus_tag","RD1520",99.18
"locus_tag","RD1521",69.4
"locus_tag","RD1522",95.87
"locus_tag","RD1523",79.44
"locus_tag","RD1524",34.71
"locus_tag","RD1525",7.72
"locus_tag","RD1526",77.34
"locus_tag","RD1527",60.78
"locus_tag","RD1528",15.39
"locus_tag","RD1529",64.11
"locus_tag","RD1530",73.4
"locus_tag","RD1531",58.42
"locus_tag","RD1532",45.33
"locus_tag","RD1533",8.86
"locus_tag","RD1534",61.8
"locus_tag","RD1535",27.32
"locus_tag","RD1536",25.5
"locus_tag","RD1537",35.99
"locus_tag","RD1538",4.94
"locus_tag","RD1539",42.59
"locus_tag","RD1540",17.36
"locus_tag","RD1541",47.04
"locus_tag","RD1542",21.2
"locus_tag","RD1543",73.73
"locus_tag","RD1544",36.59
"locus_tag","RD1545",61.54
"locus_tag","RD1546",59.43
"locus_tag","RD1547",96.41
"locus_tag","RD1548",19.08
"locus_tag","RD1549",4.55
"locus_tag","RD1550",4
"locus_tag","RD1551",18.25
"locus_tag","RD1552",73.95
"locus_tag","RD1553",99.86
"locus_tag","RD1554",97.69
"locus_tag","RD1555",8.66
"locus_tag","RD1556",7.59
"locus_tag","RD1557",75.03
"locus_tag","RD1558",69.44
"locus_tag","RD1559",22.97
"locus_tag","RD1560",39.14
"locus_tag","RD1561",42.83
"locus_tag","RD1562",81.4
"locus_tag","RD1563",84.48
"locus_tag","RD1564",51.69
"locus_tag","RD1565",43.19
"locus_tag","RD1566",11.8
"locus_tag","RD1567",77.19
"locus_tag","RD1568",79.19
"locus_tag","RD1569",16.74
"locus_tag","RD1570",19.78
"locus_tag","RD1571",96.55
"locus_tag","RD1572",63.78
"locus_tag","RD1573",40.98
"locus_tag","RD1574",70.28
"locus_tag","RD1575",0.37
"locus_tag","RD1576",2.52
"locus_tag","RD1577",29.71
"locus_tag","RD1578",96.77
"locus_tag","RD1579",21.6
"locus_tag","RD1580",34.26
"locus_tag","RD1581",0.77
"locus_tag","RD1582",39.85
"locus_tag","RD1583",8.22
"locus_tag","RD1584",0.63
"locus_tag","RD1585",37.54
"locus_tag","RD1586",16.88
"locus_tag","RD1587",8.22
"locus_tag","RD1588",12.58
"locus_tag","RD1589",86.32
"locus_tag","RD1590",31.19
"locus_tag","RD1591",51.72
"locus_tag","RD1592",29.15
"locus_tag","RD1593",12.59
"locus_tag","RD1594",36.2
"locus_tag","RD1595",80.84
"locus_tag","RD1596",55.79
"locus_tag","RD1597",47.99
"locus_tag","RD1598",58.04
"locus_tag","RD1599",34.97
"locus_tag","RD1600",64.73
"locus_tag","RD1601",77.82
"locus_tag","RD1602",31.52
"locus_tag","RD1603",28.51
"locus_tag","RD1604",18.8
"locus_tag","RD1605",1.8
"locus_tag","RD1606",28.87
"locus_tag","RD1607",21.32
"locus_tag","RD1608",31.51
"locus_tag","RD1609",25.65
"locus_tag","RD1610",42.92
"locus_tag","RD1611",65.77
"locus_tag","RD1612",26.42
"locus_tag","RD1613",82.77
"locus_tag","RD1614",73.99
"locus_tag","RD1615",27.05
"locus_tag","RD1616",20.31
"locus_tag","RD1617",90.87
"locus_tag","RD1618",35.27
"locus_tag","RD1619",32.89
"locus_tag","RD1620",77.18
"locus_tag","RD1621",66.47
"locus_tag","RD1622",84.61
"locus_tag","RD1623",6.33
"locus_tag","RD1624",79.06
"locus_tag","RD1625",20.8
"locus_tag","RD1626",87.18
"locus_tag","RD1627",34.84
"locus_tag","RD1628",68.8
"locus_tag","RD1629",45.21
"locus_tag","RD1630",69.82
"locus_tag","RD1631",33.53
"locus_tag","RD1632",23.03
"locus_tag","RD1633",1.34
"locus_tag","RD1634",62.04
"locus_tag","RD1635",41.83
"locus_tag","RD1636",3.14
"locus_tag","RD1637",90.91
"locus_tag","RD1638",63.15
"locus_tag","RD1639",34.65
"locus_tag","RD1640",16.56
"locus_tag","RD1641",6.07
"locus_tag","RD1642",0.43
"locus_tag","RD1643",42.98
"locus_tag","RD1644",88.83
"locus_tag","RD1645",74.42
"locus_tag","RD1646",70.03
"locus_tag","RD1647",9.15
"locus_tag","RD1648",65.28
"locus_tag","RD1649",5.3
"locus_tag","RD1650",42.03
"locus_tag","RD1651",42.46
"locus_tag","RD1652",71.77
"locus_tag","RD1653",26.64
"locus_tag","RD1654",48.8
"locus_tag","RD1655",50.83
"locus_tag","RD1656",47.44
"locus_tag","RD1657",35.97
"locus_tag","RD1658",85.67
"locus_tag","RD1659",16.24
"locus_tag","RD1660",81.19
"locus_tag","RD1661",55.48
"locus_tag","RD1662",49.77
"locus_tag","RD1663",4.22
"locus_tag","RD1664",56.82
"locus_tag","RD1665",11.8
"locus_tag","RD1666",46.05
"locus_tag","RD1667",59.97
"locus_tag","RD1668",2.72
"locus_tag","RD1669",9.21
"locus_tag","RD1670",94.62
"locus_tag","RD1671",19.28
"locus_tag","RD1672",15.28
"locus_tag","RD1673",95.05
"locus_tag","RD1674",62.26
"locus_tag","RD1675",4.11
"locus_tag","RD1676",69.46
"locus_tag","RD1677",32.29
"locus_tag","RD1678",13.26
"locus_tag","RD1679",34.74
"locus_tag","RD1680",37.59
"locus_tag","RD1681",55.29
"locus_tag","RD1682",77.21
"locus_tag","RD1683",9.36
"locus_tag","RD1684",81.93
"locus_tag","RD1685",26
"locus_tag","RD1686",60.18
"locus_tag","RD1687",29.37
"locus_tag","RD1688",61.98
"locus_tag","RD1689",45.85
"locus_tag","RD1690",45.61
"locus_tag","RD1691",43.16
"locus_tag","RD1692",1.34
"locus_tag","RD1693",95.37
"locus_tag","RD1694",47.38
"locus_tag","RD1695",58.16
"locus_tag","RD1696",7.18
"locus_tag","RD1697",93.44
"locus_tag","RD1698",18.12
"locus_tag","RD1699",9.89
"locus_tag","RD1700",2.65
"locus_tag","RD1701",12.74
"locus_tag","RD1702",29.17
"locus_tag","RD1703",17.92
"locus_tag","RD1704",7.79
"locus_tag","RD1705",91.42
"locus_tag","RD1706",22.03
"locus_tag","RD1707",77.25
"locus_tag","RD1708",23.71
"locus_tag","RD1709",35.29
"locus_tag","RD1710",11.99
"locus_tag","RD1711",61.3
"locus_tag","RD1712",90.58
"locus_tag","RD1713",89.2
"locus_tag","RD1714",70.66
"locus_tag","RD1715",72.5
"locus_tag","RD1716",15.21
"locus_tag","RD1717",30.85
"locus_tag","RD1718",1.87
"locus_tag","RD1719",77.18
"locus_tag","RD1720",76.7
"locus_tag","RD1721",47.48
"locus_tag","RD1722",20.34
"locus_tag","RD1723",78.03
"locus_tag","RD1724",42.86
"locus_tag","RD1725",67.73
"locus_tag","RD1726",36.19
"locus_tag","RD1727",50.03
"locus_tag","RD1728",61.17
"locus_tag","RD1729",54.32
"locus_tag","RD1730",59.93
"locus_tag","RD1731",63.81
"locus_tag","RD1732",67.06
"locus_tag","RD1733",89.1
"locus_tag","RD1734",81.73
"locus_tag","RD1735",74.85
"locus_tag","RD1736",80.52
"locus_tag","RD1737",3.76
"locus_tag","RD1738",52.1
"locus_tag","RD1739",4.23
"locus_tag","RD1740",39.05
"locus_tag","RD1741",64.09
"locus_tag","RD1742",65.53
"locus_tag","RD1743",29.63
"locus_tag","RD1744",53.29
"locus_tag","RD1745",36.19
"locus_tag","RD1746",2.13
"locus_tag","RD1747",68.5
"locus_tag","RD1748",67.04
"locus_tag","RD1749",4.01
"locus_tag","RD1750",45.68
"locus_tag","RD1751",43.73
"locus_tag","RD1752",51.49
"locus_tag","RD1753",66.02
"locus_tag","RD1754",21.77
"locus_tag","RD1755",94.34
"locus_tag","RD1756",33.75
"locus_tag","RD1757",57.96
"locus_tag","RD1758",44.38
"locus_tag","RD1759",94.92
"locus_tag","RD1760",12.28
"locus_tag","RD1761",4.3
"locus_tag","RD1762",58.73
"locus_tag","RD1763",79.34
"locus_tag","RD1764",93.4
"locus_tag","RD1765",40.46
"locus_tag","RD1766",54.19
"locus_tag","RD1767",73.92
"locus_tag","RD1768",44.22
"locus_tag","RD1769",6.28
"locus_tag","RD1770",78.15
"locus_tag","RD1771",83.27
"locus_tag","RD1772",70.38
"locus_tag","RD1773",43.68
"locus_tag","RD1774",12.9
"locus_tag","RD1775",23.67
"locus_tag","RD1776",79.88
"locus_tag","RD1777",15.03
"locus_tag","RD1778",92.17
"locus_tag","RD1779",46.91
"locus_tag","RD1780",19.04
"locus_tag","RD1781",37.85
"locus_tag","RD1782",90.65
"locus_tag","RD1783",70.53
"locus_tag","RD1784",3.87
"locus_tag","RD1785",12.42
"locus_tag","RD1786",64.88
"locus_tag","RD1787",37.63
"locus_tag","RD1788",70.38
"locus_tag","RD1789",9.25
"locus_tag","RD1790",32.54
"locus_tag","RD1791",82.65
"locus_tag","RD1792",13.56
"locus_tag","RD1793",91.27
"locus_tag","RD1794",61.99
"locus_tag","RD1795",6.96
"locus_tag","RD1796",31.73
"locus_tag","RD1797",16.17
"locus_tag","RD1798",80.88
"locus_tag","RD1799",75.95
"locus_tag","RD1800",22.46
"locus_tag","RD1801",59.03
"locus_tag","RD1802",59.23
"locus_tag","RD1803",92.83
"locus_tag","RD1804",2.72
"locus_tag","RD1805",72.13
"locus_tag","RD1806",16.51
"locus_tag","RD1807",82.59
"locus_tag","RD1808",87.16
"locus_tag","RD1809",8.67
"locus_tag","RD1810",42.65
"locus_tag","RD1811",1.77
"locus_tag","RD1812",98.48
"locus_tag","RD1813",23.76
"locus_tag","RD1814",44.79
"locus_tag","RD1815",4.79
"locus_tag","RD1816",76.84
"locus_tag","RD1817",11.65
"locus_tag","RD1818",17.25
"locus_tag","RD1819",41.78
"locus_tag","RD1820",15.13
"locus_tag","RD1821",63.56
"locus_tag","RD1822",49.88
"locus_tag","RD1823",56.19
"locus_tag","RD1824",90.39
